cluster,n,mean_actual,rmse,mae,mape,pct_boundary
3,7927,150643.37037971505,7653.446364908685,5012.135892484586,11.369099558233115,0.8578276775577142
1,15990,207480.03033145715,7079.262801778292,4978.558500337652,9.817569591146674,0.4878048780487805
2,16083,115282.49368898834,5369.718042980526,3550.173211314743,11.018483398614155,0.795871417024187
