dataset,model,RMSE_train,RMSE_test,MAE_train,MAE_test,R2_train,R2_test,MAPE_train,MAPE_test
radius,xgboost,6.307935511509536,8.524330028400392,4.097754257257726,5.126610741507788,0.9976366330686828,0.9957962350173444,1.7308751814447014,2.307493974071377
radius,randomForest,5.273464306537224,9.014289716784576,1.9468347033912152,4.017729237701951,0.998348233374748,0.9952991007738612,0.8351625243668632,1.959524667291604
radius,knn_k5,8.642312371455809,10.560035879109607,5.016077493770257,6.046076595633031,0.9955637441582867,0.9935486782135884,2.1240033020200477,2.7406522920948806
radius,linear,109.86233868089974,108.80467753278452,85.026699181097,83.20596290796884,0.28310699204938816,0.31512226234136764,35.48957736263897,35.50011384142683
range,xgboost,5774.779278846303,6575.361830467196,3886.9908580957904,4410.894684942485,0.9986034718851468,0.9981831080950404,4.209656903296692,10.607901461511512
range,randomForest,3438.528433437458,7801.008368842091,2033.9260983714385,4667.930542580157,0.9995048644100304,0.9974426435508668,4.180558025281792,15.829093610738587
range,knn_k10,19862.106198650625,21741.88065783729,12885.714437273651,14091.198101187085,0.9834792597233198,0.9801352093493548,20.187068657698763,22.243105770828553
range,linear,59797.218223298354,59654.73301318494,40547.94357451273,40427.87243638595,0.8502589526582562,0.8504523509621491,103.59216188834937,82.0161455045588
