dataset,model,split,RMSE,MAE,R2,MAPE
range,linear,train,59797.218223298354,40547.94357451273,0.8502589526582562,103.59216188834937
range,linear,test,59654.73301318494,40427.87243638595,0.8504523509621491,82.0161455045588
