dataset,model,split,RMSE,MAE,R2,MAPE
radius,linear,train,109.86233868089974,85.026699181097,0.28310699204938816,35.48957736263897
radius,linear,test,108.80467753278452,83.20596290796884,0.31512226234136764,35.50011384142683
